Quote,Theme
Real estate: where 'cozy' means you can preheat the oven from the couch.,Listings
A 'motivated seller' is just a homeowner who has refreshed Zillow one too many times.,Sellers
"In real estate, every room is 'flex space' if you believe hard enough.",Listings
The three most expensive words in real estate: 'It just needs...'.,Buyers
Open houses: professionally standing in a stranger's kitchen while people judge the backsplash.,Agents
A low appraisal is the real-estate version of someone checking the receipt after you ordered dessert.,Transactions
"Real estate agents don't need cardio. We already sprint when someone says, 'We found the perfect house.'",Agents
Every buyer wants 'move-in ready' until they see what move-in ready costs.,Buyers
Inspection reports: turning a perfectly charming house into 47 pages of emotional damage.,Inspections
"Real estate math is simple: list price + emotions + competition = 'Should we offer $20,000 over?'",Offers
